malware_variant,Count,Percentage,min_count_import_functions,max_count_import_functions,mode_count_import_functions,median_count_import_functions,mean_count_import_functions,std_dev_count_import_functions,25th_percentile_count_import_functions,75_percentile_count_import_functions,90th_percentile_count_import_functions,min_binary_file_size_KB,max_binary_file_size_KB,mode_binary_file_size_KB,median_binary_file_size_KB,mean_binary_file_size_KB,std_dev_binary_file_size_KB,25th_percentile_binary_file_size_KB,75_percentile_binary_file_size_KB,90th_percentile_binary_file_size_KB,min_entropy(min=0.0; max=8.0),max_entropy(min=0.0; max=8.0),mode_entropy(min=0.0; max=8.0),median_entropy(min=0.0; max=8.0),mean_entropy(min=0.0; max=8.0),std_dev_entropy(min=0.0; max=8.0),25th_percentile_entropy(min=0.0; max=8.0),75_percentile_entropy(min=0.0; max=8.0),90th_percentile_entropy(min=0.0; max=8.0)
CryptBot.0,3,33.33,217.0,218.0,218.0,218.0,217.66666666666666,0.5773502691896258,217.5,218.0,218.0,1876.547,1934.958,1876.547,1908.631,1906.7120000000002,29.252746042038545,1892.589,1921.7945,1929.6926,7.882019,7.885752,7.882019,7.88432,7.884030333333333,0.0018832823296930565,7.883169499999999,7.8850359999999995,7.8854656
CryptBot.1,3,33.33,132.0,135.0,132.0,133.0,133.33333333333334,1.5275252316519465,132.5,134.0,134.6,659.456,691.2,659.456,680.96,677.2053333333334,16.201651932236224,670.2080000000001,686.08,689.152,7.677767,7.774847,7.774847,7.692195,7.714936333333333,0.05238327768795443,7.6849810000000005,7.733521,7.758316600000001
CryptBot.2,2,22.22,143.0,143.0,143.0,143.0,143.0,0.0,143.0,143.0,143.0,768.512,768.512,768.512,768.512,768.512,0.0,768.512,768.512,768.512,7.646976,7.64714,7.646976,7.647058,7.647058,0.00011596551211447426,7.647017,7.647099000000001,7.6471236000000005
unclustered,1,11.11,116.0,116.0,116.0,116.0,116.0,,116.0,116.0,116.0,273.92,273.92,273.92,273.92,273.92,,273.92,273.92,273.92,6.489892,6.489892,6.489892,6.489892,6.489892,,6.489892,6.489892,6.489892
