dll_name,count,frequency
KERNEL32.DLL,30,1.0
ADVAPI32.DLL,7,0.23333333333333334
GDI32.DLL,7,0.23333333333333334
OLE32.DLL,7,0.23333333333333334
OLEAUT32.DLL,6,0.2
PDH.DLL,5,0.16666666666666666
SHELL32.DLL,6,0.2
USER32.DLL,7,0.23333333333333334
COMCTL32.DLL,1,0.03333333333333333
COMDLG32.DLL,1,0.03333333333333333
OLEACC.DLL,1,0.03333333333333333
OLEDLG.DLL,1,0.03333333333333333
SHLWAPI.DLL,1,0.03333333333333333
WSOCK32.DLL,1,0.03333333333333333
CRYPT32.DLL,1,0.03333333333333333
GDIPLUS.DLL,1,0.03333333333333333
