,precision,recall,f1-score,support
Iris-setosa,1.0,1.0,1.0,4.0
Iris-versicolor,0.75,0.75,0.75,4.0
Iris-virginica,0.8571428571428571,0.8571428571428571,0.8571428571428571,7.0
accuracy,0.8666666666666667,0.8666666666666667,0.8666666666666667,0.8666666666666667
macro avg,0.8690476190476191,0.8690476190476191,0.8690476190476191,15.0
weighted avg,0.8666666666666667,0.8666666666666667,0.8666666666666667,15.0
