dll_name,count,frequency
KERNEL32.DLL,94,0.9791666666666666
MFC42.DLL,1,0.010416666666666666
MSVCRT.DLL,11,0.11458333333333333
USER32.DLL,70,0.7291666666666666
ADVAPI32.DLL,64,0.6666666666666666
COMCTL32.DLL,21,0.21875
OLEAUT32.DLL,17,0.17708333333333334
MSI.DLL,17,0.17708333333333334
SHELL32.DLL,46,0.4791666666666667
SHLWAPI.DLL,31,0.3229166666666667
URLMON.DLL,12,0.125
VERSION.DLL,17,0.17708333333333334
WININET.DLL,17,0.17708333333333334
WINTRUST.DLL,12,0.125
GDI32.DLL,30,0.3125
OLE32.DLL,31,0.3229166666666667
UXTHEME.DLL,13,0.13541666666666666
ws232.dll,17,0.17708333333333334
WTSAPI32.DLL,4,0.041666666666666664
MPR.DLL,3,0.03125
MSIMG32.DLL,4,0.041666666666666664
NETAPI32.DLL,1,0.010416666666666666
USERENV.DLL,1,0.010416666666666666
MSVCR100.DLL,2,0.020833333333333332
MSVCR90.DLL,1,0.010416666666666666
WINHTTP.DLL,4,0.041666666666666664
COMDLG32.DLL,4,0.041666666666666664
IPHLPAPI.DLL,4,0.041666666666666664
PSAPI.DLL,2,0.020833333333333332
AVCODEC-56.DLL,2,0.020833333333333332
AVFORMAT-56.DLL,2,0.020833333333333332
AVUTIL-54.DLL,2,0.020833333333333332
SDL2.DLL,2,0.020833333333333332
SWSCALE-3.DLL,2,0.020833333333333332
CABINET.DLL,4,0.041666666666666664
CRYPT32.DLL,4,0.041666666666666664
RPCRT4.DLL,3,0.03125
ashAmf.dll,2,0.020833333333333332
WMVCORE.DLL,2,0.020833333333333332
MSVBVM60.DLL,2,0.020833333333333332
WINMM.DLL,1,0.010416666666666666
NODE.DLL,1,0.010416666666666666
DBGHELP.DLL,2,0.020833333333333332
DWMAPI.DLL,2,0.020833333333333332
GDIPLUS.DLL,3,0.03125
NTDLL.DLL,1,0.010416666666666666
CRT.DLL,1,0.010416666666666666
