dll_name,count,frequency
MSCOREE.DLL,1,0.16666666666666666
ADVAPI32.DLL,2,0.3333333333333333
CRYPT32.DLL,2,0.3333333333333333
GDIPLUS.DLL,3,0.5
KERNEL32.DLL,5,0.8333333333333334
SHELL32.DLL,1,0.16666666666666666
SHLWAPI.DLL,2,0.3333333333333333
USER32.DLL,4,0.6666666666666666
OLE32.DLL,2,0.3333333333333333
OLEAUT32.DLL,1,0.16666666666666666
COMCTL32.DLL,1,0.16666666666666666
COMDLG32.DLL,1,0.16666666666666666
GDI32.DLL,1,0.16666666666666666
NETAPI32.DLL,1,0.16666666666666666
UXTHEME.DLL,1,0.16666666666666666
WINMM.DLL,1,0.16666666666666666
ws232.dll,1,0.16666666666666666
D3D11.DLL,1,0.16666666666666666
