linear_regression_feature,importance_coefficient
total_bags,33248.058758235056
small_bags,24999.24868347553
large_bags,8219.863487202136
xlarge-bags,602.5671941924443
total_volume,543.7725435056285
4046,198.68280392629217
4225,190.85499709288683
4770,17.24034704200814
