dll_name,count,frequency
KERNEL32.DLL,119,1.0
SHELL32.DLL,16,0.13445378151260504
SHLWAPI.DLL,73,0.6134453781512605
USER32.DLL,90,0.7563025210084033
NTDLL.DLL,1,0.008403361344537815
ws232.dll,42,0.35294117647058826
ADVAPI32.DLL,9,0.07563025210084033
OLE32.DLL,7,0.058823529411764705
OLEAUT32.DLL,5,0.04201680672268908
