dll_name,count,frequency
ADVAPI32.DLL,551,0.7695530726256983
API-MS-WIN-CRT-HEAP-L1-1-0.DLL,2,0.002793296089385475
API-MS-WIN-CRT-LOCALE-L1-1-0.DLL,2,0.002793296089385475
API-MS-WIN-CRT-MATH-L1-1-0.DLL,2,0.002793296089385475
API-MS-WIN-CRT-RUNTIME-L1-1-0.DLL,2,0.002793296089385475
API-MS-WIN-CRT-STDIO-L1-1-0.DLL,2,0.002793296089385475
AUTHZ.DLL,1,0.0013966480446927375
BCRYPT.DLL,1,0.0013966480446927375
CLUSAPI.DLL,2,0.002793296089385475
COMCTL32.DLL,36,0.05027932960893855
COMDLG32.DLL,29,0.040502793296089384
CRYPT32.DLL,431,0.6019553072625698
D3D11.DLL,1,0.0013966480446927375
DEVOBJ.DLL,1,0.0013966480446927375
DMRC.DLL,1,0.0013966480446927375
GDI32.DLL,505,0.7053072625698324
GDIPLUS.DLL,10,0.013966480446927373
IMM32.DLL,1,0.0013966480446927375
IPHLPAPI.DLL,9,0.012569832402234637
KERNEL32.DLL,653,0.9120111731843575
MPR.DLL,2,0.002793296089385475
MSCOREE.DLL,55,0.07681564245810056
MSIMG32.DLL,1,0.0013966480446927375
MSVBVM60.DLL,5,0.006983240223463687
MSVCRT.DLL,38,0.05307262569832402
NETAPI32.DLL,441,0.6159217877094972
NTDLL.DLL,22,0.030726256983240222
OLE32.DLL,489,0.6829608938547486
OLEACC.DLL,4,0.00558659217877095
OLEAUT32.DLL,445,0.6215083798882681
OLEDLG.DLL,2,0.002793296089385475
PDH.DLL,5,0.006983240223463687
POWRPROF.DLL,5,0.006983240223463687
PROPSYS.DLL,1,0.0013966480446927375
PSAPI.DLL,21,0.029329608938547486
RASMAN.DLL,1,0.0013966480446927375
RPCRT4.DLL,3,0.004189944134078212
SECUR32.DLL,422,0.5893854748603352
SETUPAPI.DLL,4,0.00558659217877095
SHELL32.DLL,497,0.6941340782122905
SHLWAPI.DLL,488,0.6815642458100558
URLMON.DLL,7,0.009776536312849162
USER32.DLL,580,0.8100558659217877
USERENV.DLL,2,0.002793296089385475
UXTHEME.DLL,1,0.0013966480446927375
VCRUNTIME140.DLL,2,0.002793296089385475
VERSION.DLL,27,0.03770949720670391
WINHTTP.DLL,1,0.0013966480446927375
WININET.DLL,460,0.6424581005586593
WINMM.DLL,10,0.013966480446927373
WINSCARD.DLL,1,0.0013966480446927375
WSNMP32.DLL,1,0.0013966480446927375
WSOCK32.DLL,3,0.004189944134078212
XMLLITE.DLL,1,0.0013966480446927375
ws232.dll,441,0.6159217877094972
