dll_name,count,frequency
KERNEL32.DLL,93,0.9207920792079208
MSVCRT.DLL,39,0.38613861386138615
MSCOREE.DLL,7,0.06930693069306931
ADVAPI32.DLL,33,0.32673267326732675
COMDLG32.DLL,5,0.04950495049504951
GDI32.DLL,27,0.26732673267326734
OLE32.DLL,19,0.18811881188118812
OLEACC.DLL,9,0.0891089108910891
OLEAUT32.DLL,15,0.1485148514851485
SHELL32.DLL,9,0.0891089108910891
SHLWAPI.DLL,11,0.10891089108910891
USER32.DLL,36,0.3564356435643564
BCRYPT.DLL,1,0.009900990099009901
DEVOBJ.DLL,1,0.009900990099009901
DMRC.DLL,1,0.009900990099009901
PROPSYS.DLL,1,0.009900990099009901
XMLLITE.DLL,1,0.009900990099009901
DNSAPI.DLL,1,0.009900990099009901
OLEDLG.DLL,4,0.039603960396039604
POWRPROF.DLL,6,0.0594059405940594
WININET.DLL,7,0.06930693069306931
COMCTL32.DLL,7,0.06930693069306931
VERSION.DLL,2,0.019801980198019802
GDIPLUS.DLL,1,0.009900990099009901
API-MS-WIN-CRT-HEAP-L1-1-0.DLL,2,0.019801980198019802
API-MS-WIN-CRT-LOCALE-L1-1-0.DLL,2,0.019801980198019802
API-MS-WIN-CRT-MATH-L1-1-0.DLL,2,0.019801980198019802
API-MS-WIN-CRT-RUNTIME-L1-1-0.DLL,2,0.019801980198019802
API-MS-WIN-CRT-STDIO-L1-1-0.DLL,2,0.019801980198019802
PSAPI.DLL,2,0.019801980198019802
USERENV.DLL,2,0.019801980198019802
VCRUNTIME140.DLL,2,0.019801980198019802
NTDLL.DLL,2,0.019801980198019802
WINMM.DLL,1,0.009900990099009901
ws232.dll,1,0.009900990099009901
CRYPT32.DLL,1,0.009900990099009901
MSI.DLL,1,0.009900990099009901
WINTRUST.DLL,1,0.009900990099009901
UCRTBASED.DLL,1,0.009900990099009901
VCRUNTIME140D.DLL,1,0.009900990099009901
IPHLPAPI.DLL,1,0.009900990099009901
