,precision,recall,f1-score,support
Iris-setosa,1.0,1.0,1.0,11.0
Iris-versicolor,1.0,0.6363636363636364,0.7777777777777778,11.0
Iris-virginica,0.6666666666666666,1.0,0.8,8.0
accuracy,0.8666666666666667,0.8666666666666667,0.8666666666666667,0.8666666666666667
macro avg,0.8888888888888888,0.8787878787878788,0.8592592592592592,30.0
weighted avg,0.9111111111111111,0.8666666666666667,0.8651851851851852,30.0
