,precision,recall,f1-score,support
Iris-setosa,1.0,1.0,1.0,11.0
Iris-versicolor,1.0,0.9090909090909091,0.9523809523809523,11.0
Iris-virginica,0.8888888888888888,1.0,0.9411764705882353,8.0
accuracy,0.9666666666666667,0.9666666666666667,0.9666666666666667,0.9666666666666667
macro avg,0.9629629629629629,0.9696969696969697,0.9645191409897292,30.0
weighted avg,0.9703703703703703,0.9666666666666667,0.9668534080298786,30.0
