,precision,recall,f1-score,support
Iris-setosa,1.0,0.9090909090909091,0.9523809523809523,11.0
Iris-versicolor,0.8571428571428571,0.5454545454545454,0.6666666666666666,11.0
Iris-virginica,0.6153846153846154,1.0,0.7619047619047619,8.0
accuracy,0.8,0.8,0.8,0.8
macro avg,0.8241758241758242,0.8181818181818182,0.7936507936507936,30.0
weighted avg,0.8450549450549452,0.8,0.7968253968253969,30.0
