,precision,recall,f1-score,support
Iris-setosa,1.0,1.0,1.0,11.0
Iris-versicolor,1.0,0.7272727272727273,0.8421052631578947,11.0
Iris-virginica,0.7272727272727273,1.0,0.8421052631578947,8.0
accuracy,0.9,0.9,0.9,0.9
macro avg,0.9090909090909092,0.9090909090909092,0.8947368421052632,30.0
weighted avg,0.9272727272727274,0.9,0.9,30.0
