,precision,recall,f1-score,support
Iris-setosa,1.0,1.0,1.0,11.0
Iris-versicolor,0.8,0.7272727272727273,0.7619047619047619,11.0
Iris-virginica,0.6666666666666666,0.75,0.7058823529411765,8.0
accuracy,0.8333333333333334,0.8333333333333334,0.8333333333333334,0.8333333333333334
macro avg,0.8222222222222223,0.8257575757575758,0.8225957049486462,30.0
weighted avg,0.8377777777777777,0.8333333333333334,0.8342670401493931,30.0
