,precision,recall,f1-score,support
Iris-setosa,1.0,1.0,1.0,19.0
Iris-versicolor,1.0,0.8461538461538461,0.9166666666666666,13.0
Iris-virginica,0.8666666666666667,1.0,0.9285714285714286,13.0
accuracy,0.9555555555555556,0.9555555555555556,0.9555555555555556,0.9555555555555556
macro avg,0.9555555555555556,0.9487179487179488,0.9484126984126983,45.0
weighted avg,0.9614814814814815,0.9555555555555556,0.9552910052910052,45.0
