column_index,label,count_unique,min,max,mean,std_dev,row_hits
12,binary_file_size,8,371828,397789,394409.125,9124.937454775865,0; 1; 2; 3; 4; 5; 6; 7;
16,entropy(min=0.0; max=8.0),8,6.387094,6.401319,6.389198875,0.004907441359448758,0; 1; 2; 3; 4; 5; 6; 7;
18,execution_size_bytes,1,267761.0,267761.0,267761.0,0.0,0; 1; 2; 3; 4; 5; 6; 7;
21,count_import_functions,1,147,147,147.0,0.0,0; 1; 2; 3; 4; 5; 6; 7;
28,number_sections,1,6,6,6.0,0.0,0; 1; 2; 3; 4; 5; 6; 7;
