malware_variant,Count,Percentage,min_count_import_functions,max_count_import_functions,mode_count_import_functions,median_count_import_functions,mean_count_import_functions,std_dev_count_import_functions,25th_percentile_count_import_functions,75_percentile_count_import_functions,90th_percentile_count_import_functions,min_binary_file_size_KB,max_binary_file_size_KB,mode_binary_file_size_KB,median_binary_file_size_KB,mean_binary_file_size_KB,std_dev_binary_file_size_KB,25th_percentile_binary_file_size_KB,75_percentile_binary_file_size_KB,90th_percentile_binary_file_size_KB,min_entropy(min=0.0; max=8.0),max_entropy(min=0.0; max=8.0),mode_entropy(min=0.0; max=8.0),median_entropy(min=0.0; max=8.0),mean_entropy(min=0.0; max=8.0),std_dev_entropy(min=0.0; max=8.0),25th_percentile_entropy(min=0.0; max=8.0),75_percentile_entropy(min=0.0; max=8.0),90th_percentile_entropy(min=0.0; max=8.0)
GameoverP2P.0,9,39.13,340.0,340.0,340.0,340.0,340.0,0.0,340.0,340.0,340.0,279.04,491.52,348.16,327.68,337.276,65.33570674600527,294.912,348.16,389.9392,5.74496,6.777208,6.550497,6.580684,6.501930555555556,0.3040919266891639,6.545408,6.593555,6.7437952
GameoverP2P.1,2,8.7,16.0,16.0,16.0,16.0,16.0,0.0,16.0,16.0,16.0,786.432,1069.056,786.432,927.744,927.744,199.8453469260668,857.088,998.4000000000001,1040.7936,7.381554,7.512268,7.512268,7.446911,7.446911,0.09242875579601789,7.414232500000001,7.4795894999999994,7.499196599999999
GameoverP2P.2,3,13.04,37.0,38.0,37.0,37.0,37.333333333333336,0.5773502691896258,37.0,37.5,37.8,162.304,212.992,163.328,163.328,179.54133333333334,28.97365129446637,162.816,188.16,203.0592,6.850426,7.502141,7.492327,7.492327,7.281631333333333,0.3734670109532214,7.1713765,7.497234000000001,7.5001782
unclustered,9,39.13,16.0,759.0,17.0,25.0,109.66666666666667,244.0076843052284,17.0,35.0,205.40000000000012,180.224,1032.192,208.896,233.472,316.38222222222225,270.35252724626866,208.896,266.416,425.57440000000014,6.433998,7.803143,7.473211,6.745311,6.965372222222222,0.4908239622677305,6.57157,7.429978,7.5391974
