dll_name,count,frequency
ADVAPI32.DLL,6,0.6666666666666666
COMCTL32.DLL,3,0.3333333333333333
GDI32.DLL,5,0.5555555555555556
KERNEL32.DLL,9,1.0
MSVCRT.DLL,3,0.3333333333333333
OLE32.DLL,3,0.3333333333333333
OLEAUT32.DLL,3,0.3333333333333333
SHELL32.DLL,4,0.4444444444444444
USER32.DLL,8,0.8888888888888888
CRYPT32.DLL,1,0.1111111111111111
WININET.DLL,1,0.1111111111111111
