model_name,precision,recall,f1_score,accuracy,TP,FP,execution_time_mins
resnet50,0.5982905982905983,0.6410256410256411,0.5897435897435898,0.6410256410256411,25,14,0.83
darknet53,0.6538461538461539,0.6153846153846154,0.5863247863247864,0.6153846153846154,24,15,1.05
vgg19,0.7435897435897435,0.717948717948718,0.694871794871795,0.717948717948718,28,11,2.35
inception_v4,0.6965811965811965,0.6923076923076923,0.6649572649572649,0.6923076923076923,27,12,1.01
xception71,0.5149572649572649,0.5128205128205128,0.4752136752136751,0.5128205128205128,20,19,1.60
