dll_name,count,frequency
KERNEL32.DLL,27,0.9
MSVCRT.DLL,16,0.5333333333333333
ADVAPI32.DLL,9,0.3
COMDLG32.DLL,1,0.03333333333333333
GDI32.DLL,7,0.23333333333333334
OLE32.DLL,5,0.16666666666666666
OLEACC.DLL,3,0.1
OLEAUT32.DLL,4,0.13333333333333333
OLEDLG.DLL,1,0.03333333333333333
SHELL32.DLL,1,0.03333333333333333
SHLWAPI.DLL,3,0.1
USER32.DLL,9,0.3
POWRPROF.DLL,2,0.06666666666666667
WININET.DLL,2,0.06666666666666667
BCRYPT.DLL,1,0.03333333333333333
DEVOBJ.DLL,1,0.03333333333333333
DMRC.DLL,1,0.03333333333333333
PROPSYS.DLL,1,0.03333333333333333
XMLLITE.DLL,1,0.03333333333333333
MSCOREE.DLL,2,0.06666666666666667
NTDLL.DLL,1,0.03333333333333333
API-MS-WIN-CRT-HEAP-L1-1-0.DLL,1,0.03333333333333333
API-MS-WIN-CRT-LOCALE-L1-1-0.DLL,1,0.03333333333333333
API-MS-WIN-CRT-MATH-L1-1-0.DLL,1,0.03333333333333333
API-MS-WIN-CRT-RUNTIME-L1-1-0.DLL,1,0.03333333333333333
API-MS-WIN-CRT-STDIO-L1-1-0.DLL,1,0.03333333333333333
PSAPI.DLL,1,0.03333333333333333
USERENV.DLL,1,0.03333333333333333
VCRUNTIME140.DLL,1,0.03333333333333333
