dll_name,count,frequency
ADVAPI32.DLL,16,0.6956521739130435
CRYPT32.DLL,11,0.4782608695652174
GDI32.DLL,21,0.9130434782608695
IPHLPAPI.DLL,9,0.391304347826087
KERNEL32.DLL,23,1.0
MSVCRT.DLL,13,0.5652173913043478
NETAPI32.DLL,11,0.4782608695652174
NTDLL.DLL,9,0.391304347826087
OLE32.DLL,11,0.4782608695652174
OLEAUT32.DLL,14,0.6086956521739131
SECUR32.DLL,10,0.43478260869565216
SHELL32.DLL,11,0.4782608695652174
SHLWAPI.DLL,16,0.6956521739130435
USER32.DLL,19,0.8260869565217391
VERSION.DLL,9,0.391304347826087
WININET.DLL,9,0.391304347826087
ws232.dll,9,0.391304347826087
RPCRT4.DLL,2,0.08695652173913043
CLUSAPI.DLL,2,0.08695652173913043
POWRPROF.DLL,3,0.13043478260869565
SETUPAPI.DLL,3,0.13043478260869565
COMCTL32.DLL,1,0.043478260869565216
COMDLG32.DLL,1,0.043478260869565216
IMM32.DLL,1,0.043478260869565216
PSAPI.DLL,1,0.043478260869565216
URLMON.DLL,1,0.043478260869565216
WINSCARD.DLL,1,0.043478260869565216
