malware_variant,Count,Percentage,min_count_import_functions,max_count_import_functions,mode_count_import_functions,median_count_import_functions,mean_count_import_functions,std_dev_count_import_functions,25th_percentile_count_import_functions,75_percentile_count_import_functions,90th_percentile_count_import_functions,min_binary_file_size_KB,max_binary_file_size_KB,mode_binary_file_size_KB,median_binary_file_size_KB,mean_binary_file_size_KB,std_dev_binary_file_size_KB,25th_percentile_binary_file_size_KB,75_percentile_binary_file_size_KB,90th_percentile_binary_file_size_KB,min_entropy(min=0.0; max=8.0),max_entropy(min=0.0; max=8.0),mode_entropy(min=0.0; max=8.0),median_entropy(min=0.0; max=8.0),mean_entropy(min=0.0; max=8.0),std_dev_entropy(min=0.0; max=8.0),25th_percentile_entropy(min=0.0; max=8.0),75_percentile_entropy(min=0.0; max=8.0),90th_percentile_entropy(min=0.0; max=8.0)
Emotet.0,23,76.67,69.0,69.0,69.0,69.0,69.0,0.0,69.0,69.0,69.0,258.56,258.56,258.56,258.56,258.5600000000001,1.1624191714544055e-13,258.56,258.56,258.56,7.343423,7.345214,7.345181,7.34419,7.34452747826087,0.0006781081215455638,7.344075,7.345181,7.3452025999999995
Emotet.1,5,16.67,182.0,182.0,182.0,182.0,182.0,0.0,182.0,182.0,182.0,485.376,485.376,485.376,485.376,485.37600000000003,6.355287432313019e-14,485.376,485.376,485.376,7.178827,7.178858,7.178843,7.178852,7.178847199999998,1.2676750372176338e-05,7.178843,7.178856,7.1788571999999995
Emotet.2,1,3.33,350.0,350.0,350.0,350.0,350.0,,350.0,350.0,350.0,559.104,559.104,559.104,559.104,559.104,,559.104,559.104,559.104,7.043944,7.043944,7.043944,7.043944,7.043944,,7.043944,7.043944,7.043944
Emotet.3,1,3.33,158.0,158.0,158.0,158.0,158.0,,158.0,158.0,158.0,541.696,541.696,541.696,541.696,541.696,,541.696,541.696,541.696,6.541666,6.541666,6.541666,6.541666,6.541666,,6.541666,6.541666,6.541666
