,precision,recall,f1-score,support
7ev3n,1.0,1.0,1.0,6.0
9002Rat,0.5,0.16666666666666666,0.25,6.0
CollectorGoomba,1.0,0.6666666666666666,0.8,6.0
Cryptolocker,0.0,0.0,0.0,6.0
Darkside,0.0,0.0,0.0,6.0
Escelar,0.125,1.0,0.2222222222222222,6.0
EyService,0.0,0.0,0.0,6.0
FakeDivX,0.8571428571428571,1.0,0.9230769230769231,6.0
Fanny,0.05504587155963303,1.0,0.10434782608695652,6.0
FighterPOS,1.0,0.8333333333333334,0.9090909090909091,6.0
GandCrab,1.0,1.0,1.0,6.0
GlobelImposter,1.0,0.5,0.6666666666666666,6.0
ImminentMonitor,0.0,0.0,0.0,6.0
Keybase,0.0,0.0,0.0,6.0
Koadic,1.0,1.0,1.0,6.0
Kwampirs,0.0,0.0,0.0,6.0
LeetMX,0.0,0.0,0.0,6.0
MassLogger,0.0,0.0,0.0,6.0
MauiRansomware,0.0,0.0,0.0,6.0
NetWireRAT,1.0,0.8,0.8888888888888888,5.0
Ngrbot,1.0,0.16666666666666666,0.2857142857142857,6.0
NjRat,0.0,0.0,0.0,6.0
OnlinerSpambot,1.0,0.8333333333333334,0.9090909090909091,6.0
Orcus,0.0,0.0,0.0,6.0
Pony,0.0,0.0,0.0,6.0
Predator the Thief,0.0,0.0,0.0,6.0
Prometei,1.0,1.0,1.0,6.0
QakBot,0.0,0.0,0.0,6.0
QtBot,0.0,0.0,0.0,6.0
REvil,0.0,0.0,0.0,5.0
Ramdo,0.0,0.0,0.0,6.0
RawPOS,1.0,1.0,1.0,5.0
Rovnix,0.0,0.0,0.0,5.0
Sakula,0.0,0.0,0.0,6.0
ShellCrew,1.0,0.8,0.8888888888888888,5.0
SmokeLoader,1.0,0.6,0.75,5.0
Stantinko,0.0,0.0,0.0,6.0
Virlock,1.0,1.0,1.0,6.0
Void,0.8571428571428571,1.0,0.9230769230769231,6.0
WinMM,0.0,0.0,0.0,6.0
WpBruteBot,0.0,0.0,0.0,6.0
accuracy,0.37083333333333335,0.37083333333333335,0.37083333333333335,0.37083333333333335
macro avg,0.399861745996228,0.3747967479674797,0.354172303483014,240.0
weighted avg,0.39319162297946697,0.37083333333333335,0.34832753699601526,240.0
