,precision,recall,f1-score,support
7ev3n,1.0,1.0,1.0,6.0
9002Rat,0.4444444444444444,0.6666666666666666,0.5333333333333333,6.0
CollectorGoomba,0.5714285714285714,0.6666666666666666,0.6153846153846154,6.0
Cryptolocker,1.0,1.0,1.0,6.0
Darkside,0.8571428571428571,1.0,0.9230769230769231,6.0
Escelar,0.8571428571428571,1.0,0.9230769230769231,6.0
EyService,0.75,0.5,0.6,6.0
FakeDivX,1.0,1.0,1.0,6.0
Fanny,1.0,1.0,1.0,6.0
FighterPOS,0.8571428571428571,1.0,0.9230769230769231,6.0
GandCrab,1.0,1.0,1.0,6.0
GlobelImposter,1.0,0.8333333333333334,0.9090909090909091,6.0
ImminentMonitor,0.4444444444444444,0.6666666666666666,0.5333333333333333,6.0
Keybase,0.7142857142857143,0.8333333333333334,0.7692307692307693,6.0
Koadic,0.75,1.0,0.8571428571428571,6.0
Kwampirs,1.0,1.0,1.0,6.0
LeetMX,0.8,0.6666666666666666,0.7272727272727273,6.0
MassLogger,0.6666666666666666,0.3333333333333333,0.4444444444444444,6.0
MauiRansomware,0.8333333333333334,0.8333333333333334,0.8333333333333334,6.0
NetWireRAT,1.0,1.0,1.0,5.0
Ngrbot,1.0,1.0,1.0,6.0
NjRat,0.8333333333333334,0.8333333333333334,0.8333333333333334,6.0
OnlinerSpambot,1.0,1.0,1.0,6.0
Orcus,1.0,0.8333333333333334,0.9090909090909091,6.0
Pony,1.0,0.6666666666666666,0.8,6.0
Predator the Thief,1.0,1.0,1.0,6.0
Prometei,1.0,0.8333333333333334,0.9090909090909091,6.0
QakBot,1.0,0.6666666666666666,0.8,6.0
QtBot,1.0,1.0,1.0,6.0
REvil,0.7142857142857143,1.0,0.8333333333333334,5.0
Ramdo,1.0,0.8333333333333334,0.9090909090909091,6.0
RawPOS,1.0,1.0,1.0,5.0
Rovnix,0.8,0.8,0.8,5.0
Sakula,1.0,1.0,1.0,6.0
ShellCrew,1.0,1.0,1.0,5.0
SmokeLoader,1.0,0.6,0.75,5.0
Stantinko,0.8,0.6666666666666666,0.7272727272727273,6.0
Virlock,1.0,1.0,1.0,6.0
Void,0.8571428571428571,1.0,0.9230769230769231,6.0
WinMM,0.8333333333333334,0.8333333333333334,0.8333333333333334,6.0
WpBruteBot,0.7142857142857143,0.8333333333333334,0.7692307692307693,6.0
accuracy,0.8625,0.8625,0.8625,0.8625
macro avg,0.8804490902051878,0.8634146341463415,0.8631378106987863,240.0
weighted avg,0.8794841269841268,0.8625,0.8622857004107004,240.0
