,precision,recall,f1-score,support
7ev3n,0.8571428571428571,1.0,0.9230769230769231,6.0
9002Rat,0.5,0.6666666666666666,0.5714285714285714,6.0
CollectorGoomba,1.0,0.5,0.6666666666666666,6.0
Cryptolocker,1.0,0.6666666666666666,0.8,6.0
Darkside,0.75,1.0,0.8571428571428571,6.0
Escelar,0.75,1.0,0.8571428571428571,6.0
EyService,0.6,0.5,0.5454545454545454,6.0
FakeDivX,1.0,1.0,1.0,6.0
Fanny,0.75,1.0,0.8571428571428571,6.0
FighterPOS,1.0,0.8333333333333334,0.9090909090909091,6.0
GandCrab,0.8571428571428571,1.0,0.9230769230769231,6.0
GlobelImposter,1.0,0.5,0.6666666666666666,6.0
ImminentMonitor,0.3333333333333333,0.6666666666666666,0.4444444444444444,6.0
Keybase,1.0,0.6666666666666666,0.8,6.0
Koadic,1.0,1.0,1.0,6.0
Kwampirs,1.0,1.0,1.0,6.0
LeetMX,1.0,0.6666666666666666,0.8,6.0
MassLogger,0.5,0.5,0.5,6.0
MauiRansomware,1.0,0.5,0.6666666666666666,6.0
NetWireRAT,0.8,0.8,0.8,5.0
Ngrbot,1.0,1.0,1.0,6.0
NjRat,0.5,0.3333333333333333,0.4,6.0
OnlinerSpambot,0.75,1.0,0.8571428571428571,6.0
Orcus,1.0,1.0,1.0,6.0
Pony,0.6666666666666666,0.6666666666666666,0.6666666666666666,6.0
Predator the Thief,0.75,1.0,0.8571428571428571,6.0
Prometei,1.0,0.8333333333333334,0.9090909090909091,6.0
QakBot,0.8,0.6666666666666666,0.7272727272727273,6.0
QtBot,1.0,0.5,0.6666666666666666,6.0
REvil,0.8333333333333334,1.0,0.9090909090909091,5.0
Ramdo,0.38461538461538464,0.8333333333333334,0.5263157894736842,6.0
RawPOS,1.0,1.0,1.0,5.0
Rovnix,0.8,0.8,0.8,5.0
Sakula,1.0,1.0,1.0,6.0
ShellCrew,1.0,0.6,0.75,5.0
SmokeLoader,0.75,0.6,0.6666666666666666,5.0
Stantinko,1.0,0.8333333333333334,0.9090909090909091,6.0
Virlock,1.0,1.0,1.0,6.0
Void,1.0,1.0,1.0,6.0
WinMM,0.5,0.5,0.5,6.0
WpBruteBot,0.8333333333333334,0.8333333333333334,0.8333333333333334,6.0
accuracy,0.7916666666666666,0.7916666666666666,0.7916666666666666,0.7916666666666666
macro avg,0.8357455552577506,0.791869918699187,0.7943044190155872,240.0
weighted avg,0.8350419719169719,0.7916666666666666,0.7936380395919869,240.0
