,precision,recall,f1-score,support
7ev3n,0.0,0.0,0.0,6.0
9002Rat,1.0,0.3333333333333333,0.5,6.0
CollectorGoomba,0.3,0.5,0.375,6.0
Cryptolocker,0.0,0.0,0.0,6.0
Darkside,1.0,0.3333333333333333,0.5,6.0
Escelar,0.4444444444444444,0.6666666666666666,0.5333333333333333,6.0
EyService,1.0,0.5,0.6666666666666666,6.0
FakeDivX,1.0,0.6666666666666666,0.8,6.0
Fanny,1.0,0.3333333333333333,0.5,6.0
FighterPOS,1.0,0.8333333333333334,0.9090909090909091,6.0
GandCrab,1.0,1.0,1.0,6.0
GlobelImposter,0.4,0.3333333333333333,0.36363636363636365,6.0
ImminentMonitor,0.0,0.0,0.0,6.0
Keybase,0.1111111111111111,0.16666666666666666,0.13333333333333333,6.0
Koadic,1.0,0.6666666666666666,0.8,6.0
Kwampirs,0.0,0.0,0.0,6.0
LeetMX,0.8,0.6666666666666666,0.7272727272727273,6.0
MassLogger,0.08333333333333333,0.16666666666666666,0.1111111111111111,6.0
MauiRansomware,1.0,0.8333333333333334,0.9090909090909091,6.0
NetWireRAT,1.0,0.6,0.75,5.0
Ngrbot,0.7142857142857143,0.8333333333333334,0.7692307692307693,6.0
NjRat,0.5,0.3333333333333333,0.4,6.0
OnlinerSpambot,1.0,0.6666666666666666,0.8,6.0
Orcus,0.16666666666666666,0.3333333333333333,0.2222222222222222,6.0
Pony,0.09090909090909091,0.16666666666666666,0.11764705882352941,6.0
Predator the Thief,0.3157894736842105,1.0,0.48,6.0
Prometei,1.0,0.8333333333333334,0.9090909090909091,6.0
QakBot,0.42857142857142855,0.5,0.46153846153846156,6.0
QtBot,1.0,0.8333333333333334,0.9090909090909091,6.0
REvil,1.0,0.4,0.5714285714285714,5.0
Ramdo,1.0,0.8333333333333334,0.9090909090909091,6.0
RawPOS,1.0,1.0,1.0,5.0
Rovnix,1.0,0.4,0.5714285714285714,5.0
Sakula,1.0,0.8333333333333334,0.9090909090909091,6.0
ShellCrew,1.0,0.4,0.5714285714285714,5.0
SmokeLoader,0.2222222222222222,0.4,0.2857142857142857,5.0
Stantinko,0.3333333333333333,0.3333333333333333,0.3333333333333333,6.0
Virlock,0.2857142857142857,0.3333333333333333,0.3076923076923077,6.0
Void,1.0,0.3333333333333333,0.5,6.0
WinMM,1.0,0.16666666666666666,0.2857142857142857,6.0
WpBruteBot,0.2631578947368421,0.8333333333333334,0.4,6.0
accuracy,0.49583333333333335,0.49583333333333335,0.49583333333333335,0.49583333333333335
macro avg,0.6453546097320167,0.4967479674796747,0.5193238397183878,240.0
weighted avg,0.6397292157160578,0.49583333333333335,0.5166819357113475,240.0
