,precision,recall,f1-score,support
7ev3n,0.8571428571428571,1.0,0.9230769230769231,6.0
9002Rat,0.6666666666666666,0.6666666666666666,0.6666666666666666,6.0
CollectorGoomba,1.0,0.6666666666666666,0.8,6.0
Cryptolocker,1.0,1.0,1.0,6.0
Darkside,0.8571428571428571,1.0,0.9230769230769231,6.0
Escelar,0.75,1.0,0.8571428571428571,6.0
EyService,1.0,0.5,0.6666666666666666,6.0
FakeDivX,1.0,1.0,1.0,6.0
Fanny,0.8571428571428571,1.0,0.9230769230769231,6.0
FighterPOS,1.0,1.0,1.0,6.0
GandCrab,1.0,1.0,1.0,6.0
GlobelImposter,1.0,1.0,1.0,6.0
ImminentMonitor,0.5,0.6666666666666666,0.5714285714285714,6.0
Keybase,1.0,1.0,1.0,6.0
Koadic,0.8571428571428571,1.0,0.9230769230769231,6.0
Kwampirs,1.0,1.0,1.0,6.0
LeetMX,1.0,0.6666666666666666,0.8,6.0
MassLogger,0.45454545454545453,0.8333333333333334,0.5882352941176471,6.0
MauiRansomware,0.625,0.8333333333333334,0.7142857142857143,6.0
NetWireRAT,1.0,1.0,1.0,5.0
Ngrbot,1.0,1.0,1.0,6.0
NjRat,1.0,0.3333333333333333,0.5,6.0
OnlinerSpambot,1.0,0.8333333333333334,0.9090909090909091,6.0
Orcus,0.8571428571428571,1.0,0.9230769230769231,6.0
Pony,1.0,0.6666666666666666,0.8,6.0
Predator the Thief,0.8571428571428571,1.0,0.9230769230769231,6.0
Prometei,1.0,1.0,1.0,6.0
QakBot,1.0,0.6666666666666666,0.8,6.0
QtBot,1.0,1.0,1.0,6.0
REvil,1.0,1.0,1.0,5.0
Ramdo,1.0,1.0,1.0,6.0
RawPOS,1.0,1.0,1.0,5.0
Rovnix,0.8,0.8,0.8,5.0
Sakula,1.0,1.0,1.0,6.0
ShellCrew,1.0,1.0,1.0,5.0
SmokeLoader,1.0,0.8,0.8888888888888888,5.0
Stantinko,0.8333333333333334,0.8333333333333334,0.8333333333333334,6.0
Virlock,1.0,1.0,1.0,6.0
Void,0.8571428571428571,1.0,0.9230769230769231,6.0
WinMM,0.8571428571428571,1.0,0.9230769230769231,6.0
WpBruteBot,1.0,0.6666666666666666,0.8,6.0
accuracy,0.8875,0.8875,0.8875,0.8875
macro avg,0.9143094710167881,0.8886178861788617,0.8873257142984546,240.0
weighted avg,0.9130005411255411,0.8875,0.8858051534522123,240.0
