,precision,recall,f1-score,support
7ev3n,0.8571428571428571,1.0,0.9230769230769231,6.0
9002Rat,0.5,0.6666666666666666,0.5714285714285714,6.0
CollectorGoomba,0.75,0.5,0.6,6.0
Cryptolocker,0.8571428571428571,1.0,0.9230769230769231,6.0
Darkside,0.8571428571428571,1.0,0.9230769230769231,6.0
Escelar,0.5454545454545454,1.0,0.7058823529411765,6.0
EyService,0.6,0.5,0.5454545454545454,6.0
FakeDivX,1.0,1.0,1.0,6.0
Fanny,0.8571428571428571,1.0,0.9230769230769231,6.0
FighterPOS,1.0,1.0,1.0,6.0
GandCrab,0.8571428571428571,1.0,0.9230769230769231,6.0
GlobelImposter,1.0,1.0,1.0,6.0
ImminentMonitor,0.15384615384615385,0.3333333333333333,0.21052631578947367,6.0
Keybase,1.0,0.5,0.6666666666666666,6.0
Koadic,1.0,1.0,1.0,6.0
Kwampirs,0.8571428571428571,1.0,0.9230769230769231,6.0
LeetMX,0.6666666666666666,0.6666666666666666,0.6666666666666666,6.0
MassLogger,0.8,0.6666666666666666,0.7272727272727273,6.0
MauiRansomware,0.75,0.5,0.6,6.0
NetWireRAT,1.0,0.8,0.8888888888888888,5.0
Ngrbot,1.0,1.0,1.0,6.0
NjRat,0.75,0.5,0.6,6.0
OnlinerSpambot,1.0,1.0,1.0,6.0
Orcus,1.0,0.3333333333333333,0.5,6.0
Pony,0.5,0.3333333333333333,0.4,6.0
Predator the Thief,0.8571428571428571,1.0,0.9230769230769231,6.0
Prometei,1.0,0.8333333333333334,0.9090909090909091,6.0
QakBot,0.6,0.5,0.5454545454545454,6.0
QtBot,0.6,1.0,0.75,6.0
REvil,0.8333333333333334,1.0,0.9090909090909091,5.0
Ramdo,0.7142857142857143,0.8333333333333334,0.7692307692307693,6.0
RawPOS,1.0,1.0,1.0,5.0
Rovnix,0.6666666666666666,0.8,0.7272727272727273,5.0
Sakula,1.0,1.0,1.0,6.0
ShellCrew,1.0,0.8,0.8888888888888888,5.0
SmokeLoader,1.0,0.6,0.75,5.0
Stantinko,0.75,0.5,0.6,6.0
Virlock,1.0,1.0,1.0,6.0
Void,1.0,1.0,1.0,6.0
WinMM,0.8,0.6666666666666666,0.7272727272727273,6.0
WpBruteBot,1.0,0.6666666666666666,0.8,6.0
accuracy,0.7916666666666666,0.7916666666666666,0.7916666666666666,0.7916666666666666
macro avg,0.8287866604939775,0.7926829268292683,0.7931860164133817,240.0
weighted avg,0.8265896603396603,0.7916666666666666,0.7914984109314606,240.0
