,precision,recall,f1-score,support
7ev3n,1.0,1.0,1.0,6.0
9002Rat,0.6666666666666666,0.6666666666666666,0.6666666666666666,6.0
CollectorGoomba,0.75,0.5,0.6,6.0
Cryptolocker,0.8571428571428571,1.0,0.9230769230769231,6.0
Darkside,0.75,1.0,0.8571428571428571,6.0
Escelar,0.7142857142857143,0.8333333333333334,0.7692307692307693,6.0
EyService,0.8,0.6666666666666666,0.7272727272727273,6.0
FakeDivX,1.0,1.0,1.0,6.0
Fanny,0.8571428571428571,1.0,0.9230769230769231,6.0
FighterPOS,1.0,0.8333333333333334,0.9090909090909091,6.0
GandCrab,1.0,1.0,1.0,6.0
GlobelImposter,1.0,1.0,1.0,6.0
ImminentMonitor,0.16666666666666666,0.16666666666666666,0.16666666666666666,6.0
Keybase,0.6,0.5,0.5454545454545454,6.0
Koadic,1.0,1.0,1.0,6.0
Kwampirs,1.0,1.0,1.0,6.0
LeetMX,0.8,0.6666666666666666,0.7272727272727273,6.0
MassLogger,0.4166666666666667,0.8333333333333334,0.5555555555555556,6.0
MauiRansomware,1.0,0.6666666666666666,0.8,6.0
NetWireRAT,1.0,0.8,0.8888888888888888,5.0
Ngrbot,1.0,1.0,1.0,6.0
NjRat,0.75,0.5,0.6,6.0
OnlinerSpambot,1.0,1.0,1.0,6.0
Orcus,0.5,0.3333333333333333,0.4,6.0
Pony,0.6666666666666666,0.6666666666666666,0.6666666666666666,6.0
Predator the Thief,0.8571428571428571,1.0,0.9230769230769231,6.0
Prometei,1.0,0.8333333333333334,0.9090909090909091,6.0
QakBot,0.5,0.6666666666666666,0.5714285714285714,6.0
QtBot,1.0,1.0,1.0,6.0
REvil,1.0,0.6,0.75,5.0
Ramdo,1.0,0.8333333333333334,0.9090909090909091,6.0
RawPOS,1.0,1.0,1.0,5.0
Rovnix,1.0,0.8,0.8888888888888888,5.0
Sakula,1.0,1.0,1.0,6.0
ShellCrew,1.0,0.8,0.8888888888888888,5.0
SmokeLoader,0.75,0.6,0.6666666666666666,5.0
Stantinko,0.8,0.6666666666666666,0.7272727272727273,6.0
Virlock,1.0,1.0,1.0,6.0
Void,0.8571428571428571,1.0,0.9230769230769231,6.0
WinMM,0.5,1.0,0.6666666666666666,6.0
WpBruteBot,0.8333333333333334,0.8333333333333334,0.8333333333333334,6.0
accuracy,0.8125,0.8125,0.8125,0.8125
macro avg,0.8388501742160279,0.8113821138211383,0.8142327861840057,240.0
weighted avg,0.8358630952380952,0.8125,0.8134080502830502,240.0
