,precision,recall,f1-score,support
7ev3n,0.5,1.0,0.6666666666666666,6.0
9002Rat,0.0,0.0,0.0,6.0
CollectorGoomba,0.0,0.0,0.0,6.0
Cryptolocker,0.02702702702702703,1.0,0.05263157894736842,6.0
Darkside,0.0,0.0,0.0,6.0
Escelar,0.0,0.0,0.0,6.0
EyService,0.0,0.0,0.0,6.0
FakeDivX,0.0,0.0,0.0,6.0
Fanny,0.0,0.0,0.0,6.0
FighterPOS,0.0,0.0,0.0,6.0
GandCrab,0.0,0.0,0.0,6.0
GlobelImposter,0.0,0.0,0.0,6.0
ImminentMonitor,0.0,0.0,0.0,6.0
Keybase,0.0,0.0,0.0,6.0
Koadic,0.0,0.0,0.0,6.0
Kwampirs,0.0,0.0,0.0,6.0
LeetMX,0.0,0.0,0.0,6.0
MassLogger,0.0,0.0,0.0,6.0
MauiRansomware,0.0,0.0,0.0,6.0
NetWireRAT,0.0,0.0,0.0,5.0
Ngrbot,0.0,0.0,0.0,6.0
NjRat,0.0,0.0,0.0,6.0
OnlinerSpambot,0.0,0.0,0.0,6.0
Orcus,0.0,0.0,0.0,6.0
Pony,0.0,0.0,0.0,6.0
Predator the Thief,0.0,0.0,0.0,6.0
Prometei,1.0,0.8333333333333334,0.9090909090909091,6.0
QakBot,0.0,0.0,0.0,6.0
QtBot,0.0,0.0,0.0,6.0
REvil,0.0,0.0,0.0,5.0
Ramdo,0.0,0.0,0.0,6.0
RawPOS,0.0,0.0,0.0,5.0
Rovnix,0.0,0.0,0.0,5.0
Sakula,0.0,0.0,0.0,6.0
ShellCrew,0.0,0.0,0.0,5.0
SmokeLoader,0.0,0.0,0.0,5.0
Stantinko,0.0,0.0,0.0,6.0
Virlock,0.0,0.0,0.0,6.0
Void,0.0,0.0,0.0,6.0
WinMM,0.0,0.0,0.0,6.0
WpBruteBot,0.0,0.0,0.0,6.0
accuracy,0.07083333333333333,0.07083333333333333,0.07083333333333333,0.07083333333333333
macro avg,0.03724456163480554,0.06910569105691057,0.039716808651340106,240.0
weighted avg,0.038175675675675674,0.07083333333333333,0.040709728867623605,240.0
