dll_name,count,frequency
KERNEL32.DLL,30,1.0
SHLWAPI.DLL,21,0.7
USER32.DLL,25,0.8333333333333334
ws232.dll,9,0.3
SHELL32.DLL,5,0.16666666666666666
ADVAPI32.DLL,6,0.2
OLE32.DLL,4,0.13333333333333333
OLEAUT32.DLL,2,0.06666666666666667
