dll_name,count,frequency
ADVAPI32.DLL,463,0.9507186858316222
USER32.DLL,464,0.9527720739219713
COMCTL32.DLL,25,0.0513347022587269
GDI32.DLL,419,0.8603696098562629
KERNEL32.DLL,482,0.9897330595482546
VERSION.DLL,15,0.030800821355236138
COMDLG32.DLL,23,0.04722792607802875
OLE32.DLL,453,0.9301848049281314
SHELL32.DLL,456,0.9363449691991786
SHLWAPI.DLL,438,0.8993839835728953
MSVCRT.DLL,3,0.006160164271047228
OLEAUT32.DLL,412,0.8459958932238193
NTDLL.DLL,11,0.022587268993839837
CRYPT32.DLL,415,0.8521560574948666
PSAPI.DLL,18,0.03696098562628337
WININET.DLL,416,0.8542094455852156
ws232.dll,415,0.8521560574948666
SECUR32.DLL,411,0.8439425051334702
NETAPI32.DLL,398,0.8172484599589322
WSOCK32.DLL,2,0.004106776180698152
MPR.DLL,2,0.004106776180698152
RASMAN.DLL,1,0.002053388090349076
MSVBVM60.DLL,3,0.006160164271047228
USERENV.DLL,1,0.002053388090349076
WINMM.DLL,1,0.002053388090349076
