dll_name,count,frequency
MSCOREE.DLL,5,0.23809523809523808
API-MS-WIN-CRT-HEAP-L1-1-0.DLL,1,0.047619047619047616
API-MS-WIN-CRT-LOCALE-L1-1-0.DLL,1,0.047619047619047616
API-MS-WIN-CRT-MATH-L1-1-0.DLL,1,0.047619047619047616
API-MS-WIN-CRT-RUNTIME-L1-1-0.DLL,1,0.047619047619047616
API-MS-WIN-CRT-STDIO-L1-1-0.DLL,1,0.047619047619047616
KERNEL32.DLL,16,0.7619047619047619
VCRUNTIME140.DLL,1,0.047619047619047616
ADVAPI32.DLL,12,0.5714285714285714
COMCTL32.DLL,5,0.23809523809523808
COMDLG32.DLL,2,0.09523809523809523
GDI32.DLL,14,0.6666666666666666
OLEAUT32.DLL,3,0.14285714285714285
SHELL32.DLL,13,0.6190476190476191
USER32.DLL,14,0.6666666666666666
VERSION.DLL,3,0.14285714285714285
GDIPLUS.DLL,6,0.2857142857142857
SHLWAPI.DLL,7,0.3333333333333333
URLMON.DLL,6,0.2857142857142857
WINMM.DLL,8,0.38095238095238093
ws232.dll,7,0.3333333333333333
MSVCRT.DLL,3,0.14285714285714285
AUTHZ.DLL,1,0.047619047619047616
CRYPT32.DLL,1,0.047619047619047616
NETAPI32.DLL,1,0.047619047619047616
NTDLL.DLL,1,0.047619047619047616
OLE32.DLL,3,0.14285714285714285
RPCRT4.DLL,1,0.047619047619047616
SECUR32.DLL,1,0.047619047619047616
MSIMG32.DLL,1,0.047619047619047616
WINHTTP.DLL,1,0.047619047619047616
WININET.DLL,1,0.047619047619047616
PSAPI.DLL,1,0.047619047619047616
