knn_regressor_1_feature,importance_coefficient
large_bags,0.11747957391780824
4046,0.11562696460273973
4225,0.09820767791780823
total_volume,0.0657413506849315
small_bags,0.06085230695890411
4770,0.056075357260273975
total_bags,0.04599861282191781
xlarge-bags,0.027194132712328768
