hist_gradient_boosting_regressor_feature,importance_coefficient
total_volume,0.13972555663499184
large_bags,0.056120362235908196
4046,0.049712778218578946
4225,0.03976933261706124
xlarge-bags,0.024680184492543947
small_bags,0.022617805468790268
4770,0.021786722173870676
total_bags,0.01115640723855173
