ada_boost_regressor_feature,importance_coefficient
total_volume,0.04245196198763493
4046,0.014080697534017797
4225,0.012191561831906225
xlarge-bags,0.004964255863663139
large_bags,0.004732568846680232
4770,0.0034098803109994013
total_bags,0.002650503667890207
small_bags,0.002389648694327115
