gradient_boosting_regressor_1_feature,importance_coefficient
total_volume,0.46453991298280617
4046,0.17119726756340117
4225,0.09190197088268494
large_bags,0.08536380837594841
total_bags,0.07660337080016334
4770,0.05322748574811591
small_bags,0.03793503256691817
xlarge-bags,0.019231151079962084
