theil_sen_regressor_feature,importance_coefficient
4225,5.69206965876056
large_bags,4.3309129227958065
4046,3.912292545090581
total_bags,3.6403807514868776
small_bags,3.43646629249494
xlarge-bags,2.9088371007951364
4770,1.5016265836138045
total_volume,1.367781128173688
