ridge_regressor_2_feature,importance_coefficient
4046,0.13774926959555722
4225,0.09513687545846496
4770,0.050778639401117806
xlarge-bags,0.024826206381002632
large_bags,0.024090569239152086
small_bags,0.017639803030220884
total_volume,0.014371846929240876
total_bags,0.007791376154313385
