elasticnet_regressor_cv_feature,importance_coefficient
4046,0.14164896667933705
4225,0.08877819243726198
4770,0.05051398582910774
xlarge-bags,0.024796669494192715
large_bags,0.022352294161557967
small_bags,0.01907790003861959
total_bags,0.0
total_volume,0.0
