random_forest_regressor_2_feature,importance_coefficient
total_volume,0.41702970228251524
4046,0.15979554757490042
4225,0.115591731171966
large_bags,0.10645224442885194
small_bags,0.06664889503045228
4770,0.06656442954624363
total_bags,0.04129471644664914
xlarge-bags,0.026622733518421274
