xgb_regressor_2_feature,importance_coefficient
total_volume,0.36144048
4046,0.1252322
large_bags,0.12117669
4225,0.093668796
4770,0.08301563
xlarge-bags,0.07807932
small_bags,0.07747827
total_bags,0.059908584
