catboost_regressor_feature,importance_coefficient
4046,21.14370965027229
4225,18.91334545807429
large_bags,14.642110949181259
total_volume,12.079962507875798
4770,11.2786945951956
small_bags,11.112353483462769
total_bags,6.241216351876749
xlarge-bags,4.588607004061248
