extra_trees_regressor_feature,importance_coefficient
4046,0.2044756525504432
total_volume,0.1538843229161739
4225,0.14097137924697012
large_bags,0.13452144138631242
total_bags,0.1285978523252027
small_bags,0.11051697662718887
4770,0.09095538353290719
xlarge-bags,0.03607699141480161
