mlp_regressor_2_feature,importance_coefficient
4225,0.37470637684576436
large_bags,0.2880092810725178
small_bags,0.2378258674572508
4046,0.13886929442759433
total_volume,0.06485624169011359
total_bags,0.06418122670971128
4770,0.06226768392299509
xlarge-bags,0.05394253089565465
