ridge_regressor_cv_feature,importance_coefficient
4046,0.1373672494232721
4225,0.09527209263389247
4770,0.05071553926027073
xlarge-bags,0.024819624315933868
large_bags,0.02405182887092804
small_bags,0.017725410954886438
total_volume,0.01511522087093721
total_bags,0.007866662813658836
