mlp_regressor_1_feature,importance_coefficient
4225,0.3608498132884048
total_volume,0.29195021393034093
4770,0.139114018113157
small_bags,0.11771233975793227
4046,0.08376114819642357
xlarge-bags,0.07535123279509368
large_bags,0.07466773003621292
total_bags,0.03681345328485682
