svm_regressor_linear_1_feature,importance_coefficient
4046,0.1770278588986727
4770,0.07009163933229921
4225,0.06967315799570054
xlarge-bags,0.05292568221350375
total_volume,0.03130499383332708
total_bags,0.01045747109261539
small_bags,0.009533615809011265
large_bags,0.009215435925287237
