extra_trees_regressor_feature,importance_coefficient
4046,0.19192857052505133
total_volume,0.1747568197359546
4225,0.1418204317398782
large_bags,0.1285193360399352
total_bags,0.12747147124753355
small_bags,0.10640741366666613
4770,0.09290926895938907
xlarge-bags,0.03618668808559197
