bayesian_ridge_regressor_feature,importance_coefficient
4046,0.13411103812529543
4225,0.09218962555244699
4770,0.049634885483943014
xlarge-bags,0.024585249764047114
large_bags,0.02382690141073288
small_bags,0.01750124922195048
total_volume,0.015896904217526833
total_bags,0.007749969298733797
