decision_tree_pruned_regressor_feature,importance_coefficient
total_volume,0.6250225337262577
4046,0.14267026580890937
large_bags,0.11543962658051356
4225,0.05003275316614993
4770,0.030506771193532574
small_bags,0.025660741479052493
xlarge-bags,0.010667308045584236
total_bags,0.0
