ransac_regressor_feature,importance_coefficient
total_bags,1511826099.698011
small_bags,876318467.1297572
large_bags,90003224.03126365
xlarge-bags,437782.8557316867
total_volume,12608.362579344
4046,1660.30751982146
4225,1475.6096464608909
4770,14.83140788830048
