ard_regressor_feature,importance_coefficient
4046,0.14066868848099184
4225,0.0905664886306679
4770,0.05029311263046667
xlarge-bags,0.025544311224118377
large_bags,0.01775348066791513
small_bags,0.010097970986030278
total_volume,0.0011107274941198567
total_bags,0.0
