huber_regressor_feature,importance_coefficient
4046,0.14874314462768207
4225,0.09541342643183533
4770,0.060870907884908496
xlarge-bags,0.0316744400064819
small_bags,0.02089649773217256
total_volume,0.019122862338105926
large_bags,0.014992584999798633
total_bags,0.012638201656917467
