svm_regressor_linear_2_feature,importance_coefficient
4225,0.05382415085086436
small_bags,0.05124307877094131
total_volume,0.04111572623102732
4046,0.03596765824440706
xlarge-bags,0.03497517868955717
total_bags,0.03130002333995017
large_bags,0.02726714536818246
4770,0.006064996574526507
