random_forest_regressor_feature,importance_coefficient
total_volume,0.3839449501662739
4046,0.16137563461599813
4225,0.12285801829382291
large_bags,0.11081643801894067
small_bags,0.07349521127498083
4770,0.07021993324258416
total_bags,0.049181414573259925
xlarge-bags,0.028108399814139446
