decision_tree_regressor_feature,importance_coefficient
total_volume,0.374344661855095
4046,0.16483973094272866
4225,0.12026053989699578
large_bags,0.11839487875814007
small_bags,0.07257301568494404
4770,0.0697472535453941
total_bags,0.04910183246057383
xlarge-bags,0.0307380868561285
