perceptron_feature,importance_coefficient
sepal_width,1.6045032948290616
petal_length,1.073129774704668
petal_width,1.0166770008840122
sepal_length,0.566071428370374
