malware_variant,Count,Percentage,min_count_import_functions,max_count_import_functions,mode_count_import_functions,median_count_import_functions,mean_count_import_functions,std_dev_count_import_functions,25th_percentile_count_import_functions,75_percentile_count_import_functions,90th_percentile_count_import_functions,min_binary_file_size_KB,max_binary_file_size_KB,mode_binary_file_size_KB,median_binary_file_size_KB,mean_binary_file_size_KB,std_dev_binary_file_size_KB,25th_percentile_binary_file_size_KB,75_percentile_binary_file_size_KB,90th_percentile_binary_file_size_KB,min_entropy(min=0.0; max=8.0),max_entropy(min=0.0; max=8.0),mode_entropy(min=0.0; max=8.0),median_entropy(min=0.0; max=8.0),mean_entropy(min=0.0; max=8.0),std_dev_entropy(min=0.0; max=8.0),25th_percentile_entropy(min=0.0; max=8.0),75_percentile_entropy(min=0.0; max=8.0),90th_percentile_entropy(min=0.0; max=8.0)
Remcos.0,5,23.81,1.0,1.0,1.0,1.0,1.0,0.0,1.0,1.0,1.0,8.704,1192.448,1088.0,951.808,824.7296,471.68156656456273,882.688,1088.0,1150.6688000000001,4.789974,7.942824,7.830756,7.59319,6.955791400000001,1.3179636697465527,6.622213,7.830756,7.8979968
Remcos.1,7,33.33,68.0,430.0,68.0,96.0,148.42857142857142,127.89039205879531,82.5,140.0,268.0000000000001,159.744,1560.008,491.52,668.159,720.5017142857142,433.71928646484173,524.544,803.2565,1156.2248000000002,5.634315,7.980612,7.980612,6.992627,6.967151142857142,0.8034240341375215,6.5612405,7.5200115,7.8532176
Remcos.2,6,28.57,285.0,288.0,285.0,285.0,285.5,1.224744871391589,285.0,285.0,286.5,473.6,480.768,473.6,473.6,474.88000000000005,2.891780351271493,473.6,473.98400000000004,477.44,6.585716,6.592433,6.585782,6.589134,6.589049499999999,0.003016036190101223,6.586317,6.59166,6.5922655
Remcos.3,3,14.29,346.0,390.0,390.0,386.0,374.0,24.331050121192877,366.0,388.0,389.2,616.96,827.392,827.392,743.424,729.2586666666666,105.9287456610968,680.192,785.408,810.5984000000001,6.876703,7.044702,6.954769,6.954769,6.958724666666666,0.08406932540667456,6.915736,6.9997355,7.0267154
