malware_variant,Count,Percentage,min_count_import_functions,max_count_import_functions,mode_count_import_functions,median_count_import_functions,mean_count_import_functions,std_dev_count_import_functions,25th_percentile_count_import_functions,75_percentile_count_import_functions,90th_percentile_count_import_functions,min_binary_file_size_KB,max_binary_file_size_KB,mode_binary_file_size_KB,median_binary_file_size_KB,mean_binary_file_size_KB,std_dev_binary_file_size_KB,25th_percentile_binary_file_size_KB,75_percentile_binary_file_size_KB,90th_percentile_binary_file_size_KB,min_entropy(min=0.0; max=8.0),max_entropy(min=0.0; max=8.0),mode_entropy(min=0.0; max=8.0),median_entropy(min=0.0; max=8.0),mean_entropy(min=0.0; max=8.0),std_dev_entropy(min=0.0; max=8.0),25th_percentile_entropy(min=0.0; max=8.0),75_percentile_entropy(min=0.0; max=8.0),90th_percentile_entropy(min=0.0; max=8.0)
Conti.0,22,73.33,65.0,75.0,68.0,68.0,68.68181818181819,2.966260490702275,67.0,71.75,72.9,162.304,235.52,174.592,197.632,195.12345454545456,16.657945648011978,194.688,200.57600000000002,212.6336,6.093988,6.442701,6.414504,6.4028095,6.379838181818181,0.08725248265570665,6.386844,6.415383,6.4338561
Conti.1,2,6.67,23.0,23.0,23.0,23.0,23.0,0.0,23.0,23.0,23.0,90.112,90.112,90.112,90.112,90.112,0.0,90.112,90.112,90.112,6.143343,6.144155,6.144155,6.143749,6.143749,0.0005741707063233443,6.143546,6.143952,6.144073799999999
Conti.2,2,6.67,11.0,11.0,11.0,11.0,11.0,0.0,11.0,11.0,11.0,103.434,105.984,103.434,104.709,104.709,1.8031222920256942,104.0715,105.34649999999999,105.729,5.818644,5.855679,5.855679,5.837161500000001,5.837161500000001,0.026187699641244053,5.82790275,5.84642025,5.8519755
unclustered,4,13.33,6.0,78.0,9.0,15.0,28.5,33.63034344160047,8.25,35.25,60.900000000000006,46.08,134.144,46.08,65.536,77.824,40.03870554018116,51.071999999999996,92.288,117.40160000000002,5.973613,7.878521,5.973613,6.182383,6.554225000000001,0.8980055523469774,6.00944425,6.727163750000001,7.417978100000001
