dll_name,count,frequency
ADVAPI32.DLL,116,0.8345323741007195
KERNEL32.DLL,139,1.0
COMCTL32.DLL,65,0.4676258992805755
GDI32.DLL,73,0.5251798561151079
GDIPLUS.DLL,14,0.10071942446043165
IMM32.DLL,11,0.07913669064748201
IPHLPAPI.DLL,11,0.07913669064748201
MSIMG32.DLL,11,0.07913669064748201
OLE32.DLL,76,0.5467625899280576
OLEAUT32.DLL,28,0.2014388489208633
SHELL32.DLL,102,0.7338129496402878
SHLWAPI.DLL,45,0.3237410071942446
USER32.DLL,83,0.5971223021582733
USERENV.DLL,6,0.04316546762589928
VERSION.DLL,60,0.4316546762589928
WININET.DLL,12,0.08633093525179857
ws232.dll,15,0.1079136690647482
COMDLG32.DLL,11,0.07913669064748201
LZ32.DLL,7,0.050359712230215826
MSVCR90.DLL,24,0.17266187050359713
XLBUGHANDLER.DLL,22,0.15827338129496402
MSVCR120.DLL,2,0.014388489208633094
MSVCRT.DLL,10,0.07194244604316546
MFC42.DLL,2,0.014388489208633094
SBIEDLL.DLL,1,0.007194244604316547
WTSAPI32.DLL,2,0.014388489208633094
ADVPACK.DLL,1,0.007194244604316547
DNSAPI.DLL,1,0.007194244604316547
NTDLL.DLL,1,0.007194244604316547
CRYPT32.DLL,1,0.007194244604316547
MSI.DLL,1,0.007194244604316547
PSAPI.DLL,1,0.007194244604316547
RPCRT4.DLL,1,0.007194244604316547
SQMAPI.DLL,1,0.007194244604316547
WINTRUST.DLL,1,0.007194244604316547
