linear_svc_feature,importance_coefficient
petal_length,0.714432847063665
petal_width,0.6982813950192441
sepal_width,0.4152109920424503
sepal_length,0.1632308856118946
