extra_tree_feature,importance_coefficient
petal_length,0.4360192192368709
petal_width,0.4141827954544365
sepal_length,0.0869726012655743
sepal_width,0.06282538404311827
