sgd_classifier_feature,importance_coefficient
petal_width,14.097106476025642
petal_length,12.565666585917848
sepal_width,11.791794562297147
sepal_length,3.90627705586931
