perceptron_feature,importance_coefficient
petal_width,2.5924578809411294
petal_length,2.310826085150304
sepal_width,2.1685110200064566
sepal_length,0.7183643505743699
