gradient_boosting_feature,importance_coefficient
petal_length,0.770110294954042
petal_width,0.21444979057320884
sepal_width,0.015153701302581911
sepal_length,0.00028621317016721783
