svc_nu_feature,importance_coefficient
petal_length,0.4408414942482302
petal_width,0.3979067908719215
sepal_width,0.3488129161574125
sepal_length,0.26217162005157
