decision_tree_feature,importance_coefficient
petal_length,0.9183559962541505
petal_width,0.05243474023656504
sepal_width,0.01669100771959107
sepal_length,0.012518255789693305
