passive_aggressive_feature,importance_coefficient
petal_length,1.0002929418905697
petal_width,0.9416707997127577
sepal_width,0.4182678911181489
sepal_length,0.33371873431343463
