svc_feature,importance_coefficient
petal_width,0.9372313542598302
petal_length,0.898549384905745
sepal_length,0.4442905908040211
sepal_width,0.3526430905580106
