random_forest_feature,importance_coefficient
petal_length,0.4561416316021668
petal_width,0.4062807170550073
sepal_length,0.10495133482732316
sepal_width,0.03262631651550289
