ridge_classifier_feature,importance_coefficient
petal_length,0.6567148753897811
sepal_width,0.24242148821227952
petal_width,0.1411002244291224
sepal_length,0.025048838673494868
