bagging_classifier_feature,importance_coefficient
petal_length,0.6061320380873243
petal_width,0.3643606413048375
sepal_length,0.01572882886923346
sepal_width,0.013778491738604718
