dll_name,count,frequency
MSCOREE.DLL,29,0.9666666666666667
GDI32.DLL,1,0.03333333333333333
KERNEL32.DLL,1,0.03333333333333333
OLE32.DLL,1,0.03333333333333333
SETUPAPI.DLL,1,0.03333333333333333
WININET.DLL,1,0.03333333333333333
WSNMP32.DLL,1,0.03333333333333333
